{
  "tpd": 32,
  "n_docs": 200,
  "build_time_s": 0.24176754616200924,
  "p99_latency_us": 720.9053449332713,
  "passed": true
}