{
  "tpd": 512,
  "n_docs": 50,
  "build_time_s": 0.5739769525825977,
  "p99_latency_us": 4872.983898967504,
  "passed": true
}