{
  "tpd": 128,
  "n_docs": 50,
  "build_time_s": 0.12759294174611568,
  "p99_latency_us": 2143.9826115965843,
  "passed": true
}