{
  "p50_us": 2285.074442625046,
  "p95_us": 2347.6813919842243,
  "p99_us": 2385.6293037533765,
  "ratio_p99_p50": 1.0440050701424044,
  "threshold_ratio": 10.0,
  "passed": true
}