{
  "tpd": 1024,
  "n_docs": 50,
  "build_time_s": 1.5747474394738674,
  "p99_latency_us": 10420.703087002037,
  "passed": true
}