{
  "qps": 431.2110487959046,
  "n_queries": 100,
  "elapsed_s": 0.23190500400960445,
  "threshold": 50,
  "passed": true
}