{
  "shape": {
    "n_docs_payload": 2000,
    "n_d_tok": 32,
    "n_q_tok": 32,
    "dim": 128,
    "K": 8192,
    "group_size": 32,
    "n_candidates_per_query": 2000,
    "top_k": 10,
    "n_warmup": 5,
    "n_iters": 30,
    "n_threads": 16
  },
  "cpu": {
    "p50_total_ms": 200.1142641529441,
    "p95_total_ms": 205.95098063349724,
    "stages": {
      "encode_query": {
        "p50_ms": 0.7385667413473129,
        "p95_ms": 1.2468098662793634,
        "share_of_p50_total": 0.0036907251188392966
      },
      "from_numpy_q": {
        "p50_ms": 0.010668300092220306,
        "p95_ms": 0.012681912630796429,
        "share_of_p50_total": 5.331104275538648e-05
      },
      "index_select_x7": {
        "p50_ms": 189.80412930250168,
        "p95_ms": 195.56796243414283,
        "share_of_p50_total": 0.9484787609015091
      },
      "ascontig_x10": {
        "p50_ms": 0.051565468311309814,
        "p95_ms": 0.08323183283209801,
        "share_of_p50_total": 0.0002576801235513085
      },
      "rust_kernel": {
        "p50_ms": 10.421188548207283,
        "p95_ms": 191.97931205853817,
        "share_of_p50_total": 0.05207619053203792
      },
      "argpartition_topk": {
        "p50_ms": 0.04920642822980881,
        "p95_ms": 0.08740797638893126,
        "share_of_p50_total": 0.00024589165813887774
      }
    }
  }
}