{
  "shape": {
    "n_docs_payload": 2000,
    "n_d_tok": 32,
    "n_q_tok": 32,
    "dim": 128,
    "K": 8192,
    "group_size": 32,
    "n_candidates_per_query": 2000,
    "top_k": 10,
    "n_warmup": 8,
    "n_iters": 20
  },
  "cpu": {
    "p50_total_ms": 200.6052741780877,
    "p95_total_ms": 211.00495792925358,
    "stages": {
      "encode_query": {
        "p50_ms": 0.7909974083304405,
        "p95_ms": 0.9163300506770613,
        "share_of_p50_total": 0.003943053898115515
      },
      "from_numpy_q": {
        "p50_ms": 0.0098496675491333,
        "p95_ms": 0.010979361832141876,
        "share_of_p50_total": 4.9099743710572834e-05
      },
      "index_select_x7": {
        "p50_ms": 81.12147077918053,
        "p95_ms": 187.2313605621457,
        "share_of_p50_total": 0.4043835393239202
      },
      "ascontig_x10": {
        "p50_ms": 3.2989298924803734,
        "p95_ms": 96.49901017546654,
        "share_of_p50_total": 0.01644488115278436
      },
      "rust_kernel": {
        "p50_ms": 110.2170767262578,
        "p95_ms": 193.48535472527146,
        "share_of_p50_total": 0.549422626986429
      },
      "argpartition_topk": {
        "p50_ms": 0.0413600355386734,
        "p95_ms": 0.08423803374171257,
        "share_of_p50_total": 0.00020617621200704798
      }
    }
  }
}