{
  "shape": {
    "n_docs_payload": 2000,
    "n_d_tok": 512,
    "n_q_tok": 32,
    "dim": 128,
    "K": 8192,
    "group_size": 32,
    "n_candidates_per_query": 2000,
    "top_k": 10,
    "n_warmup": 5,
    "n_iters": 30
  },
  "cpu": {
    "p50_total_ms": 328.4659134224057,
    "p95_total_ms": 358.73224632814527,
    "stages": {
      "encode_query": {
        "p50_ms": 2.858983352780342,
        "p95_ms": 3.2517090439796448,
        "share_of_p50_total": 0.008704048840232934
      },
      "from_numpy_q": {
        "p50_ms": 0.00992603600025177,
        "p95_ms": 0.0109819695353508,
        "share_of_p50_total": 3.0219379225164627e-05
      },
      "index_select_x7": {
        "p50_ms": 8.519753813743591,
        "p95_ms": 37.19358425587416,
        "share_of_p50_total": 0.025938015074298517
      },
      "ascontig_x10": {
        "p50_ms": 56.69228918850422,
        "p95_ms": 107.86959771066904,
        "share_of_p50_total": 0.1725971763639236
      },
      "rust_kernel": {
        "p50_ms": 250.447410158813,
        "p95_ms": 280.9710999019444,
        "share_of_p50_total": 0.7624761045957872
      },
      "argpartition_topk": {
        "p50_ms": 0.08301623165607452,
        "p95_ms": 0.10587228462100028,
        "share_of_p50_total": 0.00025273925927685534
      }
    }
  }
}