{
  "shape": {
    "n_docs_payload": 2000,
    "n_d_tok": 512,
    "n_q_tok": 32,
    "dim": 128,
    "K": 8192,
    "group_size": 32,
    "n_candidates_per_query": 2000,
    "top_k": 10,
    "n_warmup": 5,
    "n_iters": 30,
    "n_threads": 16
  },
  "cpu": {
    "p50_total_ms": 109.0886602178216,
    "p95_total_ms": 144.6611405350268,
    "stages": {
      "encode_query": {
        "p50_ms": 3.6703115329146385,
        "p95_ms": 4.49152085930109,
        "share_of_p50_total": 0.033645215970074104
      },
      "from_numpy_q": {
        "p50_ms": 0.017235055565834045,
        "p95_ms": 0.027173198759555813,
        "share_of_p50_total": 0.00015799126629129128
      },
      "numpy_gather_x7": {
        "p50_ms": 10.589353740215302,
        "p95_ms": 12.20237053930759,
        "share_of_p50_total": 0.09707107704019029
      },
      "ascontig_x10": {
        "p50_ms": 0.08528027683496475,
        "p95_ms": 0.10348642244935036,
        "share_of_p50_total": 0.0007817519865463769
      },
      "rust_kernel": {
        "p50_ms": 94.57103163003922,
        "p95_ms": 128.92561312764883,
        "share_of_p50_total": 0.8669189945243212
      },
      "argpartition_topk": {
        "p50_ms": 0.0833095982670784,
        "p95_ms": 0.1162096858024597,
        "share_of_p50_total": 0.0007636870606049324
      }
    }
  }
}