{
  "shape": {
    "n_docs_payload": 2000,
    "n_d_tok": 32,
    "n_q_tok": 32,
    "dim": 128,
    "K": 8192,
    "group_size": 32,
    "n_candidates_per_query": 2000,
    "top_k": 10,
    "n_warmup": 5,
    "n_iters": 30,
    "n_threads": 16
  },
  "cpu": {
    "p50_total_ms": 199.07983765006065,
    "p95_total_ms": 203.9830606430769,
    "stages": {
      "encode_query": {
        "p50_ms": 0.9651435539126396,
        "p95_ms": 1.7252793535590167,
        "share_of_p50_total": 0.004848022608945229
      },
      "from_numpy_q": {
        "p50_ms": 0.013114884495735168,
        "p95_ms": 0.01855557784438133,
        "share_of_p50_total": 6.587751251228315e-05
      },
      "index_select_x7": {
        "p50_ms": 93.26613787561655,
        "p95_ms": 194.041420891881,
        "share_of_p50_total": 0.4684861057580239
      },
      "ascontig_x10": {
        "p50_ms": 0.04753377288579941,
        "p95_ms": 0.08249571546912192,
        "share_of_p50_total": 0.00023876738823422949
      },
      "rust_kernel": {
        "p50_ms": 102.40230429917574,
        "p95_ms": 194.71825938671827,
        "share_of_p50_total": 0.5143780782018562
      },
      "argpartition_topk": {
        "p50_ms": 0.04691723734140396,
        "p95_ms": 0.07265778258442875,
        "share_of_p50_total": 0.00023567046213828207
      }
    }
  }
}