{
  "shape": {
    "n_docs_payload": 2000,
    "n_d_tok": 32,
    "n_q_tok": 32,
    "dim": 128,
    "K": 8192,
    "group_size": 32,
    "n_candidates_per_query": 2000,
    "top_k": 10,
    "n_warmup": 5,
    "n_iters": 30,
    "n_threads": 16
  },
  "cpu": {
    "p50_total_ms": 99.83953926712275,
    "p95_total_ms": 148.50222561508392,
    "stages": {
      "encode_query": {
        "p50_ms": 0.5196500569581985,
        "p95_ms": 88.27408980578184,
        "share_of_p50_total": 0.005204852313749807
      },
      "from_numpy_q": {
        "p50_ms": 0.01288577914237976,
        "p95_ms": 0.014670751988887783,
        "share_of_p50_total": 0.00012906488989200554
      },
      "numpy_gather_x7": {
        "p50_ms": 1.2634238228201866,
        "p95_ms": 1.4763914048671722,
        "share_of_p50_total": 0.012654543801928713
      },
      "ascontig_x10": {
        "p50_ms": 0.04606880247592926,
        "p95_ms": 0.05165431648492812,
        "share_of_p50_total": 0.0004614284362097388
      },
      "rust_kernel": {
        "p50_ms": 97.79149759560823,
        "p95_ms": 98.90271844342351,
        "share_of_p50_total": 0.9794866674410934
      },
      "argpartition_topk": {
        "p50_ms": 0.052304938435554504,
        "p95_ms": 0.06503257900476454,
        "share_of_p50_total": 0.0005238900221245169
      }
    }
  }
}