{
  "shape": {
    "n_docs_payload": 2000,
    "n_d_tok": 32,
    "n_q_tok": 32,
    "dim": 128,
    "K": 8192,
    "group_size": 32,
    "n_candidates_per_query": 2000,
    "top_k": 10,
    "n_warmup": 5,
    "n_iters": 30,
    "n_threads": 16
  },
  "cpu": {
    "p50_total_ms": 99.8151320964098,
    "p95_total_ms": 100.51861824467778,
    "stages": {
      "encode_query": {
        "p50_ms": 0.49143191426992416,
        "p95_ms": 88.3047815412283,
        "share_of_p50_total": 0.004923420967827385
      },
      "from_numpy_q": {
        "p50_ms": 0.012950971722602844,
        "p95_ms": 0.028986204415559737,
        "share_of_p50_total": 0.00012974958255922273
      },
      "numpy_gather_x7": {
        "p50_ms": 1.3233693316578865,
        "p95_ms": 1.693675015121698,
        "share_of_p50_total": 0.013258203479404965
      },
      "ascontig_x10": {
        "p50_ms": 0.045515596866607666,
        "p95_ms": 0.053556449711322784,
        "share_of_p50_total": 0.0004559989643919411
      },
      "rust_kernel": {
        "p50_ms": 97.71690890192986,
        "p95_ms": 98.62733678892255,
        "share_of_p50_total": 0.9789789068008916
      },
      "argpartition_topk": {
        "p50_ms": 0.04773121327161789,
        "p95_ms": 0.059314351528882966,
        "share_of_p50_total": 0.0004781961639395026
      }
    }
  }
}