{
  "shape": {
    "n_docs_payload": 2000,
    "n_d_tok": 32,
    "n_q_tok": 32,
    "dim": 128,
    "K": 8192,
    "group_size": 32,
    "n_candidates_per_query": 2000,
    "top_k": 10,
    "n_warmup": 5,
    "n_iters": 30,
    "n_threads": 16
  },
  "cpu": {
    "p50_total_ms": 13.668972067534924,
    "p95_total_ms": 14.069424569606781,
    "stages": {
      "encode_query": {
        "p50_ms": 4.300882108509541,
        "p95_ms": 4.511270485818386,
        "share_of_p50_total": 0.3146456139686271
      },
      "from_numpy_q": {
        "p50_ms": 0.021541491150856018,
        "p95_ms": 0.022910255938768387,
        "share_of_p50_total": 0.001575940827475905
      },
      "numpy_gather_x7": {
        "p50_ms": 1.6820961609482765,
        "p95_ms": 1.753550861030817,
        "share_of_p50_total": 0.12305944826263936
      },
      "ascontig_x10": {
        "p50_ms": 0.06724148988723755,
        "p95_ms": 0.07331268861889838,
        "share_of_p50_total": 0.004919279193418087
      },
      "rust_kernel": {
        "p50_ms": 7.543401792645454,
        "p95_ms": 7.7627940103411674,
        "share_of_p50_total": 0.5518631361140706
      },
      "argpartition_topk": {
        "p50_ms": 0.060395337641239166,
        "p95_ms": 0.06552087143063545,
        "share_of_p50_total": 0.0044184257121048405
      }
    }
  }
}