{
  "shape": {
    "n_docs_payload": 2000,
    "n_d_tok": 32,
    "n_q_tok": 32,
    "dim": 128,
    "K": 8192,
    "group_size": 32,
    "n_candidates_per_query": 2000,
    "top_k": 10,
    "n_warmup": 5,
    "n_iters": 30
  },
  "cpu": {
    "p50_total_ms": 193.9168106764555,
    "p95_total_ms": 200.27534738183022,
    "stages": {
      "encode_query": {
        "p50_ms": 0.6157755851745605,
        "p95_ms": 89.113559294492,
        "share_of_p50_total": 0.0031754626276417263
      },
      "from_numpy_q": {
        "p50_ms": 0.013954006135463715,
        "p95_ms": 0.017081014811992645,
        "share_of_p50_total": 7.19587233658951e-05
      },
      "fancy_index_x7": {
        "p50_ms": 0.8222777396440506,
        "p95_ms": 0.983555521816015,
        "share_of_p50_total": 0.004240363363937523
      },
      "build_padded_loop": {
        "p50_ms": 8.733359165489674,
        "p95_ms": 95.06836319342254,
        "share_of_p50_total": 0.045036627484870445
      },
      "torch_wrap_payload": {
        "p50_ms": 0.00962521880865097,
        "p95_ms": 0.01626918092370033,
        "share_of_p50_total": 4.963581432199999e-05
      },
      "ascontig_x10": {
        "p50_ms": 0.04510954022407532,
        "p95_ms": 0.05055703222751616,
        "share_of_p50_total": 0.00023262315457188115
      },
      "rust_kernel": {
        "p50_ms": 100.42280331254005,
        "p95_ms": 187.9617583937943,
        "share_of_p50_total": 0.5178653823885984
      },
      "argpartition_topk": {
        "p50_ms": 0.04889350384473801,
        "p95_ms": 0.06502205505967139,
        "share_of_p50_total": 0.00025213648922019135
      }
    }
  }
}