{
  "shape": {
    "n_docs_payload": 20000,
    "n_d_tok": 32,
    "n_q_tok": 32,
    "dim": 128,
    "K": 8192,
    "group_size": 32,
    "n_candidates_per_query": 2000,
    "top_k": 10,
    "n_warmup": 5,
    "n_iters": 30,
    "n_threads": 16
  },
  "cpu": {
    "p50_total_ms": 199.88222047686577,
    "p95_total_ms": 207.3386392556131,
    "stages": {
      "encode_query": {
        "p50_ms": 0.7277224212884903,
        "p95_ms": 1.3728957623243332,
        "share_of_p50_total": 0.0036407561390519793
      },
      "from_numpy_q": {
        "p50_ms": 0.010911375284194946,
        "p95_ms": 0.012884382158517836,
        "share_of_p50_total": 5.4589023766912885e-05
      },
      "index_select_x7": {
        "p50_ms": 188.7093996629119,
        "p95_ms": 197.14735681191087,
        "share_of_p50_total": 0.9441029783074327
      },
      "ascontig_x10": {
        "p50_ms": 0.04862155765295029,
        "p95_ms": 0.07438454777002335,
        "share_of_p50_total": 0.0002432510382211694
      },
      "rust_kernel": {
        "p50_ms": 11.116844601929188,
        "p95_ms": 153.58196320012186,
        "share_of_p50_total": 0.055616975714034775
      },
      "argpartition_topk": {
        "p50_ms": 0.04283059388399124,
        "p95_ms": 0.05865655839443206,
        "share_of_p50_total": 0.00021427915790513455
      }
    }
  }
}