{
  "n_q_tokens": 32,
  "n_d_tokens_per_doc": 32,
  "n_docs_per_batch": 512,
  "K": 1024,
  "dim": 128,
  "p50_ms": 0.12039951980113983,
  "p95_ms": 0.1271544024348259,
  "qps_docs": 4252508.654898745,
  "iters": 50
}