{
  "n_q_tokens": 32,
  "n_d_tokens_per_doc": 32,
  "n_docs_per_batch": 512,
  "K": 1024,
  "dim": 128,
  "p50_ms": 0.1785745844244957,
  "p95_ms": 0.19919080659747124,
  "qps_docs": 2867149.3295087693,
  "iters": 50
}