{
  "p50_ms": 4.371041432023048,
  "p95_ms": 4.558371379971504,
  "docs_per_query": 512,
  "qps": 117134.55659536751,
  "n_q_tok": 32,
  "n_d_tok": 32,
  "dim": 128,
  "K": 1024,
  "group_size": 32
}