{
  "p50_ms": 4.396228119730949,
  "p95_ms": 4.983661696314812,
  "docs_per_query": 512,
  "qps": 116463.47415459745,
  "n_q_tok": 32,
  "n_d_tok": 32,
  "dim": 128,
  "K": 1024,
  "group_size": 32
}