{
  "n_q_tokens": 32,
  "n_d_tokens_per_doc": 32,
  "n_docs_per_batch": 512,
  "K": 1024,
  "dim": 128,
  "p50_ms": 0.14868471771478653,
  "p95_ms": 0.15809135511517525,
  "qps_docs": 3443528.076517861,
  "iters": 50
}