{
  "p50_ms": 2.361999824643135,
  "p95_ms": 6.862243637442589,
  "docs_per_query": 512,
  "qps": 216765.46909877777,
  "n_q_tok": 32,
  "n_d_tok": 32,
  "dim": 128,
  "K": 1024
}