{
  "p50_ms": 2.4356581270694733,
  "p95_ms": 4.20682318508625,
  "docs_per_query": 512,
  "qps": 210210.1252674678,
  "n_q_tok": 32,
  "n_d_tok": 32,
  "dim": 128,
  "K": 1024
}