{
  "p50_ms": 4.380539059638977,
  "p95_ms": 5.0352998077869415,
  "docs_per_query": 512,
  "qps": 116880.59232650617,
  "n_q_tok": 32,
  "n_d_tok": 32,
  "dim": 128,
  "K": 1024,
  "group_size": 32
}