{
  "n_q_tokens": 32,
  "n_d_tokens_per_doc": 32,
  "n_docs_per_batch": 512,
  "K": 1024,
  "dim": 128,
  "p50_ms": 0.1478353515267372,
  "p95_ms": 0.16044238582253456,
  "qps_docs": 3463312.3587317388,
  "iters": 50
}