{
  "p50_ms": 2.4527087807655334,
  "p95_ms": 7.1265604346990585,
  "docs_per_query": 512,
  "qps": 208748.79399265486,
  "n_q_tok": 32,
  "n_d_tok": 32,
  "dim": 128,
  "K": 1024
}