{
  "p50_ms": 4.4264234602451324,
  "p95_ms": 5.009733140468597,
  "docs_per_query": 512,
  "qps": 115669.0055975001,
  "n_q_tok": 32,
  "n_d_tok": 32,
  "dim": 128,
  "K": 1024,
  "group_size": 32
}