{
  "n_q_tokens": 32,
  "n_d_tokens_per_doc": 32,
  "n_docs_per_batch": 512,
  "K": 1024,
  "group_size": 32,
  "dim": 128,
  "p50_ms": 0.46888086944818497,
  "p95_ms": 0.4916082136332989,
  "qps_docs": 1091961.8038640837,
  "iters": 50
}