{
  "n_q_tokens": 32,
  "n_d_tokens_per_doc": 32,
  "n_docs_per_batch": 512,
  "K": 1024,
  "dim": 128,
  "p50_ms": 0.14923978596925735,
  "p95_ms": 0.15766387805342674,
  "qps_docs": 3430720.545963993,
  "iters": 50
}