{
  "n_q_tokens": 32,
  "n_d_tokens_per_doc": 32,
  "n_docs_per_batch": 512,
  "K": 1024,
  "group_size": 32,
  "dim": 128,
  "p50_ms": 0.472300685942173,
  "p95_ms": 0.5819371901452541,
  "qps_docs": 1084055.1691739182,
  "iters": 50
}