{
  "n_q_tokens": 32,
  "n_d_tokens_per_doc": 32,
  "n_docs_per_batch": 512,
  "K": 1024,
  "group_size": 32,
  "dim": 128,
  "p50_ms": 0.4751961678266525,
  "p95_ms": 0.48727719113230705,
  "qps_docs": 1077449.7663600123,
  "iters": 50
}