{
  "p50_ms": 2.423413097858429,
  "p95_ms": 2.7710609138011932,
  "docs_per_query": 512,
  "qps": 211272.27563986287,
  "n_q_tok": 32,
  "n_d_tok": 32,
  "dim": 128,
  "K": 1024
}