{
  "n_q_tokens": 32,
  "n_d_tokens_per_doc": 32,
  "n_docs_per_batch": 512,
  "K": 1024,
  "group_size": 32,
  "dim": 128,
  "p50_ms": 0.46875327825546265,
  "p95_ms": 0.4804198630154133,
  "qps_docs": 1092259.0278312007,
  "iters": 50
}