{
  "p50_ms": 2.7210917323827744,
  "p95_ms": 3.4508146345615387,
  "docs_per_query": 512,
  "qps": 188159.77201608624,
  "n_q_tok": 32,
  "n_d_tok": 32,
  "dim": 128,
  "K": 1024
}