{
  "p50_ms": 4.599142819643021,
  "p95_ms": 4.944343119859695,
  "docs_per_query": 512,
  "qps": 111325.09253968782,
  "n_q_tok": 32,
  "n_d_tok": 32,
  "dim": 128,
  "K": 1024
}