{
  "n_q_tokens": 32,
  "n_d_tokens_per_doc": 32,
  "n_docs_per_batch": 512,
  "K": 1024,
  "dim": 128,
  "p50_ms": 0.15049800276756287,
  "p95_ms": 0.16018934547901154,
  "qps_docs": 3402038.502735216,
  "iters": 50
}