{
  "p50_ms": 2.3420900106430054,
  "p95_ms": 3.07670421898365,
  "docs_per_query": 512,
  "qps": 218608.16521711467,
  "n_q_tok": 32,
  "n_d_tok": 32,
  "dim": 128,
  "K": 1024
}