{
  "shape": {
    "K": 8192,
    "dim": 128,
    "group_size": 32,
    "n_q_tok": 8,
    "n_d_tok": 32,
    "n_docs": 2000,
    "fit_sample_cap": 20000,
    "encode_chunk": 20000,
    "seed": 0,
    "n_iters": 30,
    "n_warmup": 5
  },
  "regimeA_1w_default": {
    "rroq158": {
      "p50_ms": 2.893298864364624,
      "p95_ms": 62.73138336837292,
      "mean_ms": 8.771445353825888,
      "min_ms": 2.5974567979574203,
      "max_ms": 65.78851491212845,
      "n": 30
    },
    "fp16": {
      "p50_ms": 90.02506174147129,
      "p95_ms": 100.92248022556305,
      "mean_ms": 53.45783028751612,
      "min_ms": 3.3263005316257477,
      "max_ms": 191.6436143219471,
      "n": 30
    }
  },
  "regimeB_8w_capped": {
    "rroq158": {
      "p50_ms": 14.054704457521439,
      "p95_ms": 86.34177222847939,
      "mean_ms": 32.45090811202923,
      "min_ms": 9.92998294532299,
      "max_ms": 86.46155335009098,
      "n": 30,
      "n_workers": 8
    },
    "fp16": {
      "p50_ms": 199.76729154586792,
      "p95_ms": 498.1091730296612,
      "mean_ms": 210.1030694320798,
      "min_ms": 5.177335813641548,
      "max_ms": 501.47027336061,
      "n": 30,
      "n_workers": 8
    }
  },
  "gate": {
    "regimeA_p95_ratio": 0.6215798821844991,
    "regimeB_p95_ratio": 0.17333905276893574,
    "regimeB_p50_ratio": 0.07035538375056952,
    "threshold": 1.5,
    "regimeA_pass": true,
    "regimeB_pass": true,
    "decision": "FLIP_CPU_DEFAULT"
  }
}