{
  "n_hard_queries": 354,
  "mean_recall_at_10": 0.6378531073446329,
  "p99_latency_us": 7152.129020541866,
  "median_latency_us": 3695.1983347535133,
  "threshold": 0.1,
  "passed": true
}