{
  "cell_id": "a1-cell-016",
  "config": {
    "doc_bits": 2.0,
    "group_size": 32,
    "query_bits": 6,
    "fwht": true,
    "normalize": true,
    "codebook": "uniform",
    "norm_correction": "4term"
  },
  "distortion": {
    "quantizer": "roq2",
    "bits": 2.0,
    "group_size": 32,
    "fwht": true,
    "n_tokens": 8192,
    "angular_error_p50_deg": 20.40410614013672,
    "angular_error_p90_deg": 22.013710021972656,
    "angular_error_p99_deg": 23.501781463623047,
    "ip_error_rms": 0.032689936459064484,
    "cosine_error_rms": 0.2517933249473572,
    "nn1_preservation": 0.234375,
    "nn5_preservation": 0.10468749701976776,
    "nn100_preservation": 0.06671874225139618,
    "bytes_per_token": 64.0,
    "notes": ""
  }
}