{
  "cell_id": "a1-cell-009",
  "config": {
    "doc_bits": 1.58,
    "group_size": 32,
    "query_bits": 6,
    "fwht": true,
    "normalize": false,
    "codebook": "uniform",
    "norm_correction": "4term"
  },
  "distortion": {
    "quantizer": "ternary",
    "bits": 1.58,
    "group_size": 32,
    "fwht": true,
    "n_tokens": 8192,
    "angular_error_p50_deg": 25.749988555908203,
    "angular_error_p90_deg": 26.80695152282715,
    "angular_error_p99_deg": 27.832805633544922,
    "ip_error_rms": 0.03394988924264908,
    "cosine_error_rms": 0.31414172053337097,
    "nn1_preservation": 0.4375,
    "nn5_preservation": 0.4343750476837158,
    "nn100_preservation": 0.3696874976158142,
    "bytes_per_token": 32.0,
    "notes": ""
  }
}